{"0": [1.0000000000000004, 0.0, 0.0, 0.20173138816290126], "1": [0.0, 1.0, 0.0, 0.0], "2": [0.0, 0.0, 1.0, 0.0], "3": [0.20173138816290126, 0.0, 0.0, 1.0000000000000002]}